[
    {
        "text": "But that spasm of irritation by a master intimidator was minor compared with what Bobby Fischer , the erratic former world chess champion , dished out in March at a news conference in Reykjavik , Iceland .",
        "triple_list": [
            [
                "Iceland",
                "/location/country/capital",
                "Reykjavik"
            ],
            [
                "Iceland",
                "/location/location/contains",
                "Reykjavik"
            ],
            [
                "Fischer",
                "/people/person/nationality",
                "Iceland"
            ],
            [
                "Fischer",
                "/people/deceased_person/place_of_death",
                "Reykjavik"
            ]
        ]
    },
    {
        "text": "But Schaap seems as comfortable in that role as Joe Buck , the Fox baseball and football sportscaster who so clearly benefited from learning beside his father , Jack Buck , the late voice of the St. Louis Cardinals . ''",
        "triple_list": [
            [
                "Buck",
                "/people/person/children",
                "Buck"
            ]
        ]
    },
    {
        "text": "www.bonhams.com July 22 Mecum Hawkeye Classic Auction , Iowa Sate Fairgrounds , Des Moines .",
        "triple_list": [
            [
                "Iowa",
                "/location/location/contains",
                "Moines"
            ]
        ]
    },
    {
        "text": "www.formula1.com August Aug. 1-5 National Corvette Restorers Society Annual Convention , Henry B. Gonzalez Convention Center , San Antonio .",
        "triple_list": [
            [
                "Gonzalez",
                "/people/person/place_lived",
                "Antonio"
            ],
            [
                "Gonzalez",
                "/people/deceased_person/place_of_death",
                "Antonio"
            ],
            [
                "Gonzalez",
                "/people/person/place_of_birth",
                "Antonio"
            ]
        ]
    },
    {
        "text": "( 248 ) 269-7672 , www.meadowbrookconcours.org Aug. 6 Formula One Grand Prix , Budapest , Hungary .",
        "triple_list": [
            [
                "Hungary",
                "/location/country/capital",
                "Budapest"
            ],
            [
                "Hungary",
                "/location/location/contains",
                "Budapest"
            ],
            [
                "Hungary",
                "/location/country/administrative_divisions",
                "Budapest"
            ],
            [
                "Budapest",
                "/location/administrative_division/country",
                "Hungary"
            ]
        ]
    },
    {
        "text": "www.lemansclassic.com July 9 Italian Car Festival , Stark County Fairgrounds , Canton , Ohio .",
        "triple_list": [
            [
                "Ohio",
                "/location/location/contains",
                "Canton"
            ]
        ]
    },
    {
        "text": "Hockenheim , Germany .",
        "triple_list": [
            [
                "Germany",
                "/location/location/contains",
                "Hockenheim"
            ]
        ]
    },
    {
        "text": "The final deal was brokered through the major assistance of Annette L. Nazareth , an S.E.C . commissioner who once led its market regulation office , and Frank G. Zarb , the former chairman of NASD and a major presence on Wall Street and in Washington for much of his career .",
        "triple_list": [
            [
                "Zarb",
                "/business/person/company",
                "NASD"
            ]
        ]
    },
    {
        "text": "Mary L. Schapiro , who earlier this year became the new head of NASD , was more amenable to fashioning a deal to the New York Exchange 's liking than her predecessor , Robert R. Glauber .",
        "triple_list": [
            [
                "Glauber",
                "/business/person/company",
                "NASD"
            ]
        ]
    },
    {
        "text": "Graveside service Monday January 31 , 2:00 P.M. at Riverside Cemetery , Rochelle Park , N.J . Donations may be made to Hospice By The Sea , Boca Raton , Florida .",
        "triple_list": [
            [
                "Florida",
                "/location/location/contains",
                "Raton"
            ]
        ]
    },
    {
        "text": "This summer , the United States Embassy in Beirut , Lebanon , once again made its presence felt on the cultural scene by sponsoring a photo exhibition , an experimental jazz performance , a classical music concert and a visit from the Whiffenpoofs , Yale University 's a cappella singers .",
        "triple_list": [
            [
                "Lebanon",
                "/location/country/capital",
                "Beirut"
            ],
            [
                "Lebanon",
                "/location/location/contains",
                "Beirut"
            ]
        ]
    },
    {
        "text": "Sophiline Shapiro , the Cambodian-born artistic director of the Khmer Arts Academy , which has a school in Long Beach , Calif. , and a new dance company in Cambodia , was one of the first dance students at the School of Fine Arts in Phnom Penh after the fall of the Khmer Rouge in 1979 .",
        "triple_list": [
            [
                "Cambodia",
                "/location/country/administrative_divisions",
                "Penh"
            ],
            [
                "Cambodia",
                "/location/location/contains",
                "Penh"
            ],
            [
                "Penh",
                "/location/administrative_division/country",
                "Cambodia"
            ],
            [
                "Cambodia",
                "/location/country/capital",
                "Penh"
            ]
        ]
    },
    {
        "text": "Homage to Cambodia '' was performed at Chaktomuk Conference Hall in Phnom Penh on Oct. 21 , attended by the king .",
        "triple_list": [
            [
                "Cambodia",
                "/location/country/administrative_divisions",
                "Penh"
            ],
            [
                "Cambodia",
                "/location/location/contains",
                "Penh"
            ],
            [
                "Penh",
                "/location/administrative_division/country",
                "Cambodia"
            ],
            [
                "Cambodia",
                "/location/country/capital",
                "Penh"
            ]
        ]
    },
    {
        "text": "Mr. Hollander began touring in Asia in the early 1990 's , when he was a Fulbright lecturer in India , talking about dance and touring with his company .",
        "triple_list": [
            [
                "Asia",
                "/location/location/contains",
                "India"
            ]
        ]
    },
    {
        "text": "The proportion of residents in the town of East Hampton who are 65 and older , 16.6 percent , is one of the highest in Suffolk County , according to a draft of the regional planning board 's report .",
        "triple_list": [
            [
                "County",
                "/location/location/contains",
                "Hampton"
            ]
        ]
    },
    {
        "text": "In Yaphank , the report notes , the Suffolk County executive , Steve Levy , has proposed a development on county-owned land that would have up to 1,000 residential units of '' employer-assisted housing , '' referring to a housing assistance program that combines employer contributions with state and federal funds . ''",
        "triple_list": [
            [
                "County",
                "/location/location/contains",
                "Yaphank"
            ]
        ]
    },
    {
        "text": "Born in Montreal , resided in Middle Village and Bayside , Queens for 70 years and Deerfield Beach , FL for 30 years .",
        "triple_list": [
            [
                "Queens",
                "/location/location/contains",
                "Bayside"
            ],
            [
                "Village",
                "/location/neighborhood/neighborhood_of",
                "Queens"
            ],
            [
                "Bayside",
                "/location/neighborhood/neighborhood_of",
                "Queens"
            ],
            [
                "Queens",
                "/location/location/contains",
                "Village"
            ]
        ]
    },
    {
        "text": "As a half Englishman , half Frenchman who arrived in New York from Paris in 1965 at 23 , and has opened and operated fashion boutiques , night clubs and now restaurants , including La Goulue on Madison Avenue , Mr. Denoyer has served the moneyed men and women of Manhattan well , putting them at ease on their own terms .",
        "triple_list": [
            [
                "Goulue",
                "/people/person/place_lived",
                "Paris"
            ],
            [
                "York",
                "/location/location/contains",
                "Manhattan"
            ]
        ]
    },
    {
        "text": "The couple have two daughters , Seon-yong , 34 , who works in Seoul for the Korea Foundation , a nonprofit organization that promotes Korean culture , and Hyun-hee , 30 , a field officer for Unicef in Nairobi , Kenya .",
        "triple_list": [
            [
                "Kenya",
                "/location/country/capital",
                "Nairobi"
            ],
            [
                "Kenya",
                "/location/location/contains",
                "Nairobi"
            ]
        ]
    },
    {
        "text": "WHERE -- Dixie , Idaho WHAT -- 2-bedroom house HOW MUCH $ 285,000 This 1,400-square-foot log house is on 10 acres bordered on three sides by the Nez Perce National Forest .",
        "triple_list": [
            [
                "Idaho",
                "/location/location/contains",
                "Forest"
            ]
        ]
    },
    {
        "text": "WHERE -- Honey Harbour , Ontario WHAT -- 2-bedroom cabin HOW MUCH -- $ 160,000 This cabin is on a Georgian Bay island , part of which is federal park land .",
        "triple_list": [
            [
                "Ontario",
                "/location/location/contains",
                "Bay"
            ]
        ]
    },
    {
        "text": "May is a former teammate of Hideki Matsui with the Yomiuri Giants in Japan in 2000 and 2001 .",
        "triple_list": [
            [
                "Matsui",
                "/people/person/nationality",
                "Japan"
            ]
        ]
    },
    {
        "text": "Over the last decade , when it came to choosing who would represent Staten Island and southwest Brooklyn in Congress , Anita Lerman has been the unchallenged standard-bearer of the Independence Party , a small but growing group with 6,703 members on the island .",
        "triple_list": [
            [
                "Lerman",
                "/people/person/place_lived",
                "Brooklyn"
            ]
        ]
    },
    {
        "text": "Resident of Roslyn , New York .",
        "triple_list": [
            [
                "York",
                "/location/location/contains",
                "Roslyn"
            ]
        ]
    },
    {
        "text": "Ohio Coach Frank Solich said : '' This would not have made our season if we won , and it did not break our season in losing it . ''",
        "triple_list": [
            [
                "Solich",
                "/people/person/place_lived",
                "Ohio"
            ]
        ]
    },
    {
        "text": "There were two people in the courtroom who looked up to the German-born judges as the best of Germany and looked down on the prosecutor as a miserable Ostjude : one was Eichmann and the other was Hannah Arendt . ''",
        "triple_list": [
            [
                "Arendt",
                "/people/person/nationality",
                "Germany"
            ]
        ]
    },
    {
        "text": "Defense Secretary Donald H. Rumsfeld spent Tuesday in a whirlwind trip around Iraq that included '' town hall '' meetings with American troops outside the capital , talks with government officials in Baghdad , and a final stop here , at a Kurdish stronghold beneath snow-capped mountains where anti-Saddam Hussein forces plotted for years against the Iraqi dictator -- and against other Kurds .",
        "triple_list": [
            [
                "Iraq",
                "/location/country/capital",
                "Baghdad"
            ],
            [
                "Iraq",
                "/location/location/contains",
                "Baghdad"
            ]
        ]
    }
]